SKU,Confiance,URLs
10.7496Z,approx,https://iwihwtpzrwyybumottcd.supabase.co/storage/v1/object/public/product-images/10.7496Z/10.7496Z_1.jpg | https://iwihwtpzrwyybumottcd.supabase.co/storage/v1/object/public/product-images/10.7496Z/10.7496Z_2.jpg
11.P687Z,approx,https://iwihwtpzrwyybumottcd.supabase.co/storage/v1/object/public/product-images/11.P687Z/11.P687Z_1.jpg | https://iwihwtpzrwyybumottcd.supabase.co/storage/v1/object/public/product-images/11.P687Z/11.P687Z_2.jpg
17.12911Z,approx,https://iwihwtpzrwyybumottcd.supabase.co/storage/v1/object/public/product-images/17.12911Z/17.12911Z_1.jpg | https://iwihwtpzrwyybumottcd.supabase.co/storage/v1/object/public/product-images/17.12911Z/17.12911Z_2.jpg
17.21297.1Z,approx,https://iwihwtpzrwyybumottcd.supabase.co/storage/v1/object/public/product-images/17.21297.1Z/17.21297.1Z_1.jpg | https://iwihwtpzrwyybumottcd.supabase.co/storage/v1/object/public/product-images/17.21297.1Z/17.21297.1Z_2.jpg
26WAWA40,approx,https://iwihwtpzrwyybumottcd.supabase.co/storage/v1/object/public/product-images/26WAWA40/26WAWA40_1.jpg | https://iwihwtpzrwyybumottcd.supabase.co/storage/v1/object/public/product-images/26WAWA40/26WAWA40_2.jpg
26WWJF11,approx,https://iwihwtpzrwyybumottcd.supabase.co/storage/v1/object/public/product-images/26WWJF11/26WWJF11_1.jpg | https://iwihwtpzrwyybumottcd.supabase.co/storage/v1/object/public/product-images/26WWJF11/26WWJF11_2.jpg
26WWJF28,approx,https://iwihwtpzrwyybumottcd.supabase.co/storage/v1/object/public/product-images/26WWJF28/26WWJF28_1.jpg | https://iwihwtpzrwyybumottcd.supabase.co/storage/v1/object/public/product-images/26WWJF28/26WWJF28_2.jpg
26WWJF40,approx,https://iwihwtpzrwyybumottcd.supabase.co/storage/v1/object/public/product-images/26WWJF40/26WWJF40_1.jpg | https://iwihwtpzrwyybumottcd.supabase.co/storage/v1/object/public/product-images/26WWJF40/26WWJF40_2.jpg
30471,approx,https://iwihwtpzrwyybumottcd.supabase.co/storage/v1/object/public/product-images/30471/30471_1.jpg | https://iwihwtpzrwyybumottcd.supabase.co/storage/v1/object/public/product-images/30471/30471_2.jpg
30513444,approx,https://iwihwtpzrwyybumottcd.supabase.co/storage/v1/object/public/product-images/30513444/30513444_1.jpg | https://iwihwtpzrwyybumottcd.supabase.co/storage/v1/object/public/product-images/30513444/30513444_2.jpg
30514183,approx,https://iwihwtpzrwyybumottcd.supabase.co/storage/v1/object/public/product-images/30514183/30514183_1.jpg | https://iwihwtpzrwyybumottcd.supabase.co/storage/v1/object/public/product-images/30514183/30514183_2.jpg
30515149,approx,https://iwihwtpzrwyybumottcd.supabase.co/storage/v1/object/public/product-images/30515149/30515149_1.jpg | https://iwihwtpzrwyybumottcd.supabase.co/storage/v1/object/public/product-images/30515149/30515149_2.jpg
30515236,approx,https://iwihwtpzrwyybumottcd.supabase.co/storage/v1/object/public/product-images/30515236/30515236_1.jpg | https://iwihwtpzrwyybumottcd.supabase.co/storage/v1/object/public/product-images/30515236/30515236_2.jpg
30515375,approx,https://iwihwtpzrwyybumottcd.supabase.co/storage/v1/object/public/product-images/30515375/30515375_1.jpg | https://iwihwtpzrwyybumottcd.supabase.co/storage/v1/object/public/product-images/30515375/30515375_2.jpg
30515384,approx,https://iwihwtpzrwyybumottcd.supabase.co/storage/v1/object/public/product-images/30515384/30515384_1.jpg | https://iwihwtpzrwyybumottcd.supabase.co/storage/v1/object/public/product-images/30515384/30515384_2.jpg
30515388,approx,https://iwihwtpzrwyybumottcd.supabase.co/storage/v1/object/public/product-images/30515388/30515388_1.jpg | https://iwihwtpzrwyybumottcd.supabase.co/storage/v1/object/public/product-images/30515388/30515388_2.jpg
30515389,approx,https://iwihwtpzrwyybumottcd.supabase.co/storage/v1/object/public/product-images/30515389/30515389_1.jpg | https://iwihwtpzrwyybumottcd.supabase.co/storage/v1/object/public/product-images/30515389/30515389_2.jpg
30515432,approx,https://iwihwtpzrwyybumottcd.supabase.co/storage/v1/object/public/product-images/30515432/30515432_1.jpg | https://iwihwtpzrwyybumottcd.supabase.co/storage/v1/object/public/product-images/30515432/30515432_2.jpg
30515441,approx,https://iwihwtpzrwyybumottcd.supabase.co/storage/v1/object/public/product-images/30515441/30515441_1.jpg | https://iwihwtpzrwyybumottcd.supabase.co/storage/v1/object/public/product-images/30515441/30515441_2.jpg
30515472,approx,https://iwihwtpzrwyybumottcd.supabase.co/storage/v1/object/public/product-images/30515472/30515472_1.jpg | https://iwihwtpzrwyybumottcd.supabase.co/storage/v1/object/public/product-images/30515472/30515472_2.jpg
30515493,approx,https://iwihwtpzrwyybumottcd.supabase.co/storage/v1/object/public/product-images/30515493/30515493_1.jpg | https://iwihwtpzrwyybumottcd.supabase.co/storage/v1/object/public/product-images/30515493/30515493_2.jpg
30515502,approx,https://iwihwtpzrwyybumottcd.supabase.co/storage/v1/object/public/product-images/30515502/30515502_1.jpg | https://iwihwtpzrwyybumottcd.supabase.co/storage/v1/object/public/product-images/30515502/30515502_2.jpg
33.0143Z,approx,https://iwihwtpzrwyybumottcd.supabase.co/storage/v1/object/public/product-images/33.0143Z/33.0143Z_1.jpg | https://iwihwtpzrwyybumottcd.supabase.co/storage/v1/object/public/product-images/33.0143Z/33.0143Z_2.jpg
33.1892Z,approx,https://iwihwtpzrwyybumottcd.supabase.co/storage/v1/object/public/product-images/33.1892Z/33.1892Z_1.jpg | https://iwihwtpzrwyybumottcd.supabase.co/storage/v1/object/public/product-images/33.1892Z/33.1892Z_2.jpg
33.1893Z,approx,https://iwihwtpzrwyybumottcd.supabase.co/storage/v1/object/public/product-images/33.1893Z/33.1893Z_1.jpg | https://iwihwtpzrwyybumottcd.supabase.co/storage/v1/object/public/product-images/33.1893Z/33.1893Z_2.jpg
33.4872563Z,approx,https://iwihwtpzrwyybumottcd.supabase.co/storage/v1/object/public/product-images/33.4872563Z/33.4872563Z_1.jpg | https://iwihwtpzrwyybumottcd.supabase.co/storage/v1/object/public/product-images/33.4872563Z/33.4872563Z_2.jpg
626011,approx,https://iwihwtpzrwyybumottcd.supabase.co/storage/v1/object/public/product-images/626011/626011_1.jpg | https://iwihwtpzrwyybumottcd.supabase.co/storage/v1/object/public/product-images/626011/626011_2.jpg
626019,approx,https://iwihwtpzrwyybumottcd.supabase.co/storage/v1/object/public/product-images/626019/626019_1.jpg | https://iwihwtpzrwyybumottcd.supabase.co/storage/v1/object/public/product-images/626019/626019_2.jpg
626023,approx,https://iwihwtpzrwyybumottcd.supabase.co/storage/v1/object/public/product-images/626023/626023_1.jpg | https://iwihwtpzrwyybumottcd.supabase.co/storage/v1/object/public/product-images/626023/626023_2.jpg
626026,approx,https://iwihwtpzrwyybumottcd.supabase.co/storage/v1/object/public/product-images/626026/626026_1.jpg | https://iwihwtpzrwyybumottcd.supabase.co/storage/v1/object/public/product-images/626026/626026_2.jpg
628012,approx,https://iwihwtpzrwyybumottcd.supabase.co/storage/v1/object/public/product-images/628012/628012_1.jpg | https://iwihwtpzrwyybumottcd.supabase.co/storage/v1/object/public/product-images/628012/628012_2.jpg
628015,approx,https://iwihwtpzrwyybumottcd.supabase.co/storage/v1/object/public/product-images/628015/628015_1.jpg | https://iwihwtpzrwyybumottcd.supabase.co/storage/v1/object/public/product-images/628015/628015_2.jpg
69087,approx,https://iwihwtpzrwyybumottcd.supabase.co/storage/v1/object/public/product-images/69087/69087_1.jpg | https://iwihwtpzrwyybumottcd.supabase.co/storage/v1/object/public/product-images/69087/69087_2.jpg
BH1602L702,approx,https://iwihwtpzrwyybumottcd.supabase.co/storage/v1/object/public/product-images/BH1602L702/BH1602L702_1.jpg | https://iwihwtpzrwyybumottcd.supabase.co/storage/v1/object/public/product-images/BH1602L702/BH1602L702_2.jpg
F2602512,approx,https://iwihwtpzrwyybumottcd.supabase.co/storage/v1/object/public/product-images/F2602512/F2602512_1.jpg | https://iwihwtpzrwyybumottcd.supabase.co/storage/v1/object/public/product-images/F2602512/F2602512_2.jpg
F2602515,approx,https://iwihwtpzrwyybumottcd.supabase.co/storage/v1/object/public/product-images/F2602515/F2602515_1.jpg | https://iwihwtpzrwyybumottcd.supabase.co/storage/v1/object/public/product-images/F2602515/F2602515_2.jpg
F2602537,approx,https://iwihwtpzrwyybumottcd.supabase.co/storage/v1/object/public/product-images/F2602537/F2602537_1.jpg | https://iwihwtpzrwyybumottcd.supabase.co/storage/v1/object/public/product-images/F2602537/F2602537_2.jpg
F2602539,approx,https://iwihwtpzrwyybumottcd.supabase.co/storage/v1/object/public/product-images/F2602539/F2602539_1.jpg | https://iwihwtpzrwyybumottcd.supabase.co/storage/v1/object/public/product-images/F2602539/F2602539_2.jpg
F2605528,approx,https://iwihwtpzrwyybumottcd.supabase.co/storage/v1/object/public/product-images/F2605528/F2605528_1.jpg | https://iwihwtpzrwyybumottcd.supabase.co/storage/v1/object/public/product-images/F2605528/F2605528_2.jpg
F2605536,approx,https://iwihwtpzrwyybumottcd.supabase.co/storage/v1/object/public/product-images/F2605536/F2605536_1.jpg | https://iwihwtpzrwyybumottcd.supabase.co/storage/v1/object/public/product-images/F2605536/F2605536_2.jpg
F2610501,approx,https://iwihwtpzrwyybumottcd.supabase.co/storage/v1/object/public/product-images/F2610501/F2610501_1.jpg | https://iwihwtpzrwyybumottcd.supabase.co/storage/v1/object/public/product-images/F2610501/F2610501_2.jpg
F2610502,approx,https://iwihwtpzrwyybumottcd.supabase.co/storage/v1/object/public/product-images/F2610502/F2610502_1.jpg | https://iwihwtpzrwyybumottcd.supabase.co/storage/v1/object/public/product-images/F2610502/F2610502_2.jpg
F2610532,approx,https://iwihwtpzrwyybumottcd.supabase.co/storage/v1/object/public/product-images/F2610532/F2610532_1.jpg | https://iwihwtpzrwyybumottcd.supabase.co/storage/v1/object/public/product-images/F2610532/F2610532_2.jpg
F2612500,approx,https://iwihwtpzrwyybumottcd.supabase.co/storage/v1/object/public/product-images/F2612500/F2612500_1.jpg | https://iwihwtpzrwyybumottcd.supabase.co/storage/v1/object/public/product-images/F2612500/F2612500_2.jpg
F2612509,approx,https://iwihwtpzrwyybumottcd.supabase.co/storage/v1/object/public/product-images/F2612509/F2612509_1.jpg | https://iwihwtpzrwyybumottcd.supabase.co/storage/v1/object/public/product-images/F2612509/F2612509_2.jpg
F2614509,approx,https://iwihwtpzrwyybumottcd.supabase.co/storage/v1/object/public/product-images/F2614509/F2614509_1.jpg | https://iwihwtpzrwyybumottcd.supabase.co/storage/v1/object/public/product-images/F2614509/F2614509_2.jpg
F2615503,approx,https://iwihwtpzrwyybumottcd.supabase.co/storage/v1/object/public/product-images/F2615503/F2615503_1.jpg | https://iwihwtpzrwyybumottcd.supabase.co/storage/v1/object/public/product-images/F2615503/F2615503_2.jpg
F2628514,approx,https://iwihwtpzrwyybumottcd.supabase.co/storage/v1/object/public/product-images/F2628514/F2628514_1.jpg | https://iwihwtpzrwyybumottcd.supabase.co/storage/v1/object/public/product-images/F2628514/F2628514_2.jpg
F2630500,approx,https://iwihwtpzrwyybumottcd.supabase.co/storage/v1/object/public/product-images/F2630500/F2630500_1.jpg | https://iwihwtpzrwyybumottcd.supabase.co/storage/v1/object/public/product-images/F2630500/F2630500_2.jpg
LM1034CHA,approx,https://iwihwtpzrwyybumottcd.supabase.co/storage/v1/object/public/product-images/LM1034CHA/LM1034CHA_1.jpg
LM1D04TL96,approx,https://iwihwtpzrwyybumottcd.supabase.co/storage/v1/object/public/product-images/LM1D04TL96/LM1D04TL96_1.jpg | https://iwihwtpzrwyybumottcd.supabase.co/storage/v1/object/public/product-images/LM1D04TL96/LM1D04TL96_2.jpg
LM3117F17,approx,https://iwihwtpzrwyybumottcd.supabase.co/storage/v1/object/public/product-images/LM3117F17/LM3117F17_1.jpg | https://iwihwtpzrwyybumottcd.supabase.co/storage/v1/object/public/product-images/LM3117F17/LM3117F17_2.jpg
LM4000SS8,approx,https://iwihwtpzrwyybumottcd.supabase.co/storage/v1/object/public/product-images/LM4000SS8/LM4000SS8_1.jpg | https://iwihwtpzrwyybumottcd.supabase.co/storage/v1/object/public/product-images/LM4000SS8/LM4000SS8_2.jpg
LM7B38SRT,approx,https://iwihwtpzrwyybumottcd.supabase.co/storage/v1/object/public/product-images/LM7B38SRT/LM7B38SRT_1.jpg | https://iwihwtpzrwyybumottcd.supabase.co/storage/v1/object/public/product-images/LM7B38SRT/LM7B38SRT_2.jpg
LM7B50RIC,approx,https://iwihwtpzrwyybumottcd.supabase.co/storage/v1/object/public/product-images/LM7B50RIC/LM7B50RIC_1.jpg | https://iwihwtpzrwyybumottcd.supabase.co/storage/v1/object/public/product-images/LM7B50RIC/LM7B50RIC_2.jpg
T260241,approx,https://iwihwtpzrwyybumottcd.supabase.co/storage/v1/object/public/product-images/T260241/T260241_1.jpg | https://iwihwtpzrwyybumottcd.supabase.co/storage/v1/object/public/product-images/T260241/T260241_2.jpg
T260247,approx,https://iwihwtpzrwyybumottcd.supabase.co/storage/v1/object/public/product-images/T260247/T260247_1.jpg | https://iwihwtpzrwyybumottcd.supabase.co/storage/v1/object/public/product-images/T260247/T260247_2.jpg
T260293,approx,https://iwihwtpzrwyybumottcd.supabase.co/storage/v1/object/public/product-images/T260293/T260293_1.jpg | https://iwihwtpzrwyybumottcd.supabase.co/storage/v1/object/public/product-images/T260293/T260293_2.jpg
TAMIA,approx,https://iwihwtpzrwyybumottcd.supabase.co/storage/v1/object/public/product-images/TAMIA/TAMIA_1.jpg | https://iwihwtpzrwyybumottcd.supabase.co/storage/v1/object/public/product-images/TAMIA/TAMIA_2.jpg
U260051,approx,https://iwihwtpzrwyybumottcd.supabase.co/storage/v1/object/public/product-images/U260051/U260051_1.jpg | https://iwihwtpzrwyybumottcd.supabase.co/storage/v1/object/public/product-images/U260051/U260051_2.jpg
U260121,approx,https://iwihwtpzrwyybumottcd.supabase.co/storage/v1/object/public/product-images/U260121/U260121_1.jpg | https://iwihwtpzrwyybumottcd.supabase.co/storage/v1/object/public/product-images/U260121/U260121_2.jpg
U260140,approx,https://iwihwtpzrwyybumottcd.supabase.co/storage/v1/object/public/product-images/U260140/U260140_1.jpg | https://iwihwtpzrwyybumottcd.supabase.co/storage/v1/object/public/product-images/U260140/U260140_2.jpg
